"","baseMean","log2FoldChange","lfcSE","stat","pvalue","padj"
"4057",18.0483105132572,2.06994032422879,0.424684886020425,4.87406166870095,1.09326837209087e-06,0.039558822775736
