"","category","subcategory","ID","Description","GeneRatio","BgRatio","RichFactor","FoldEnrichment","zScore","pvalue","p.adjust","qvalue","geneID","Count"
"hsa04612","Organismal Systems","Immune system","hsa04612","Antigen processing and presentation","4/28","71/8410",0.0563380281690141,16.9215291750503,7.78635728876307,8.19449250936918e-05,0.00565419983146474,0.00474417987384532,"HSPA6/HSPA1A/HSPA1B/HLA-DOA",4
"hsa05145","Human Diseases","Infectious disease: parasitic","hsa05145","Toxoplasmosis","4/28","110/8410",0.0363636363636364,10.9220779220779,6.05392858428137,0.000445350899275245,0.0144268597589804,0.0121049166551323,"HSPA6/HSPA1A/HSPA1B/HLA-DOA",4
"hsa05134","Human Diseases","Infectious disease: bacterial","hsa05134","Legionellosis","3/28","56/8410",0.0535714285714286,16.0905612244898,6.54831456034612,0.000814211435544107,0.0144268597589804,0.0121049166551323,"HSPA6/HSPA1A/HSPA1B",3
"hsa04978","Organismal Systems","Digestive system","hsa04978","Mineral absorption","3/28","60/8410",0.05,15.0178571428571,6.29783648915494,0.00099622487789644,0.0144268597589804,0.0121049166551323,"MT1M/MT1A/MT1X",3
"hsa04213","Organismal Systems","Aging","hsa04213","Longevity regulating pathway - multiple species","3/28","61/8410",0.0491803278688525,14.771662763466,6.23894891955092,0.00104542462021597,0.0144268597589804,0.0121049166551323,"HSPA6/HSPA1A/HSPA1B",3
"hsa00830","Metabolism","Metabolism of cofactors and vitamins","hsa00830","Retinol metabolism","3/28","66/8410",0.0454545454545455,13.6525974025974,5.96405820234626,0.00131451420776623,0.0151169133893117,0.0126839090223058,"LRAT/BCO1/RDH8",3
